name,close,index,date
CAT,1.708333,1,1962-01-01
Z_index,68.839996,1,1962-01-01
CAT,1.682292,.98475647,1962-02-01
Z_index,69.959999,1.0162697,1962-02-01
CAT,1.703125,.9969514,1962-03-01
Z_index,69.550003,1.0103139,1962-03-01
CAT,1.479167,.86585402,1962-04-01
Z_index,65.239998,.94770485,1962-04-01
CAT,1.432292,.83841497,1962-05-01
Z_index,59.630001,.86621159,1962-05-01
CAT,1.328125,.77743918,1962-06-01
Z_index,54.75,.79532254,1962-06-01
CAT,1.322917,.77439058,1962-07-01
Z_index,58.23,.84587455,1962-07-01
CAT,1.463542,.85670769,1962-08-01
Z_index,59.119999,.85880303,1962-08-01
CAT,1.3125,.76829284,1962-09-01
Z_index,56.27,.81740272,1962-09-01
CAT,1.369792,.80182958,1962-10-01
Z_index,56.52,.82103431,1962-10-01
CAT,1.505208,.88109756,1962-11-01
Z_index,62.259998,.90441608,1962-11-01
CAT,1.557292,.91158575,1962-12-01
Z_index,63.099998,.91661829,1962-12-01
CAT,1.604167,.93902475,1963-01-01
Z_index,66.199997,.96165019,1963-01-01
CAT,1.458333,.8536585,1963-02-01
Z_index,64.290001,.93390477,1963-02-01
CAT,1.520833,.89024389,1963-03-01
Z_index,66.57,.96702504,1963-03-01
CAT,1.552083,.90853655,1963-04-01
Z_index,69.800003,1.0139455,1963-04-01
CAT,1.848958,1.0823171,1963-05-01
Z_index,70.800003,1.0284719,1963-05-01
CAT,1.796875,1.0518295,1963-06-01
Z_index,69.370003,1.0076991,1963-06-01
CAT,1.807292,1.0579273,1963-07-01
Z_index,69.129997,1.0042127,1963-07-01
CAT,1.869792,1.0945126,1963-08-01
Z_index,72.5,1.0531669,1963-08-01
CAT,1.802083,1.0548781,1963-09-01
Z_index,71.699997,1.0415456,1963-09-01
CAT,1.9375,1.1341466,1963-10-01
Z_index,74.010002,1.0751017,1963-10-01
CAT,1.963542,1.1493907,1963-11-01
Z_index,73.230003,1.0637711,1963-11-01
CAT,2,1.1707319,1963-12-01
Z_index,75.019997,1.0897734,1963-12-01
CAT,2.182292,1.2774395,1964-01-01
Z_index,77.040001,1.1191169,1964-01-01
CAT,2.260417,1.3231711,1964-02-01
Z_index,77.800003,1.130157,1964-02-01
CAT,2.5625,1.5000002,1964-03-01
Z_index,78.980003,1.1472982,1964-03-01
CAT,2.5,1.4634149,1964-04-01
Z_index,79.459999,1.1542708,1964-04-01
CAT,2.578125,1.5091466,1964-05-01
Z_index,80.370003,1.1674899,1964-05-01
CAT,2.734375,1.60061,1964-06-01
Z_index,81.690002,1.1866648,1964-06-01
CAT,2.875,1.6829271,1964-07-01
Z_index,83.18,1.2083092,1964-07-01
CAT,2.8125,1.6463418,1964-08-01
Z_index,81.830002,1.1886985,1964-08-01
CAT,2.958333,1.7317075,1964-09-01
Z_index,84.18,1.2228357,1964-09-01
CAT,3.145833,1.8414636,1964-10-01
Z_index,84.860001,1.2327136,1964-10-01
CAT,3.5,2.0487809,1964-11-01
Z_index,84.419998,1.2263219,1964-11-01
CAT,3.4375,2.0121956,1964-12-01
Z_index,84.75,1.2311157,1964-12-01
CAT,3.385417,1.9817079,1965-01-01
Z_index,87.559998,1.271935,1965-01-01
CAT,3.6875,2.1585369,1965-02-01
Z_index,87.43,1.2700466,1965-02-01
CAT,3.395833,1.987805,1965-03-01
Z_index,86.160004,1.251598,1965-03-01
CAT,3.8125,2.2317078,1965-04-01
Z_index,89.110001,1.294451,1965-04-01
CAT,3.6875,2.1585369,1965-05-01
Z_index,88.419998,1.2844276,1965-05-01
CAT,3.583333,2.0975611,1965-06-01
Z_index,84.120003,1.2219641,1965-06-01
CAT,3.4375,2.0121956,1965-07-01
Z_index,85.25,1.2383789,1965-07-01
CAT,3.65625,2.1402442,1965-08-01
Z_index,87.169998,1.2662697,1965-08-01
CAT,3.895833,2.280488,1965-09-01
Z_index,89.959999,1.3067985,1965-09-01
CAT,4.125,2.4146347,1965-10-01
Z_index,92.419998,1.3425335,1965-10-01
CAT,4.427083,2.5914638,1965-11-01
Z_index,91.610001,1.330767,1965-11-01
CAT,4.145833,2.4268296,1965-12-01
Z_index,92.43,1.3426788,1965-12-01
CAT,4.104167,2.4024396,1966-01-01
Z_index,92.879997,1.3492156,1966-01-01
CAT,3.802083,2.22561,1966-02-01
Z_index,91.220001,1.3251017,1966-02-01
CAT,3.885417,2.2743909,1966-03-01
Z_index,89.230003,1.2961942,1966-03-01
CAT,3.458333,2.0243905,1966-04-01
Z_index,91.059998,1.3227775,1966-04-01
CAT,3.5625,2.0853662,1966-05-01
Z_index,86.129997,1.2511622,1966-05-01
CAT,3.458333,2.0243905,1966-06-01
Z_index,84.739998,1.2309704,1966-06-01
CAT,3.09375,1.8109759,1966-07-01
Z_index,83.599998,1.2144103,1966-07-01
CAT,3,1.7560979,1966-08-01
Z_index,77.099998,1.1199884,1966-08-01
CAT,2.854167,1.6707323,1966-09-01
Z_index,76.559998,1.1121441,1966-09-01
CAT,2.916667,1.7073176,1966-10-01
Z_index,80.199997,1.1650203,1966-10-01
CAT,3.083333,1.8048782,1966-11-01
Z_index,80.449997,1.1686519,1966-11-01
CAT,2.916667,1.7073176,1966-12-01
Z_index,80.330002,1.1669089,1966-12-01
CAT,3.333333,1.9512197,1967-01-01
Z_index,86.610001,1.2581348,1967-01-01
CAT,3.020833,1.7682928,1967-02-01
Z_index,86.779999,1.2606044,1967-02-01
CAT,3.666667,2.146342,1967-03-01
Z_index,90.199997,1.3102847,1967-03-01
CAT,4.09375,2.3963418,1967-04-01
Z_index,94.010002,1.3656305,1967-04-01
CAT,3.770833,2.2073174,1967-05-01
Z_index,89.080002,1.2940152,1967-05-01
CAT,3.708333,2.170732,1967-06-01
Z_index,90.639999,1.3166764,1967-06-01
CAT,3.947917,2.3109763,1967-07-01
Z_index,94.75,1.3763801,1967-07-01
CAT,3.885417,2.2743909,1967-08-01
Z_index,93.639999,1.3602557,1967-08-01
CAT,3.958333,2.3170733,1967-09-01
Z_index,96.709999,1.4048519,1967-09-01
CAT,3.739583,2.1890247,1967-10-01
Z_index,93.300003,1.3553168,1967-10-01
CAT,3.5,2.0487809,1967-11-01
Z_index,94,1.3654853,1967-11-01
CAT,3.614583,2.1158538,1967-12-01
Z_index,96.470001,1.4013655,1967-12-01
CAT,3.302083,1.932927,1968-01-01
Z_index,92.239998,1.3399187,1968-01-01
CAT,3.0625,1.7926832,1968-02-01
Z_index,89.360001,1.2980826,1968-02-01
CAT,3.09375,1.8109759,1968-03-01
Z_index,90.199997,1.3102847,1968-03-01
CAT,3.541667,2.0731714,1968-04-01
Z_index,97.459999,1.4157467,1968-04-01
CAT,3.354167,1.9634151,1968-05-01
Z_index,98.68,1.4334689,1968-05-01
CAT,3.1875,1.865854,1968-06-01
Z_index,99.580002,1.4465429,1968-06-01
CAT,3.104167,1.8170737,1968-07-01
Z_index,97.739998,1.4198141,1968-07-01
CAT,3.541667,2.0731714,1968-08-01
Z_index,98.860001,1.4360838,1968-08-01
CAT,3.822917,2.2378054,1968-09-01
Z_index,102.67,1.4914294,1968-09-01
CAT,4,2.3414638,1968-10-01
Z_index,103.41,1.5021791,1968-10-01
CAT,3.989583,2.335366,1968-11-01
Z_index,108.37,1.5742302,1968-11-01
CAT,3.635417,2.1280494,1968-12-01
Z_index,103.86,1.508716,1968-12-01
CAT,3.916667,2.2926836,1969-01-01
Z_index,103.01,1.4963685,1969-01-01
CAT,3.760417,2.20122,1969-02-01
Z_index,98.129997,1.4254794,1969-02-01
CAT,4.145833,2.4268296,1969-03-01
Z_index,101.51,1.4745789,1969-03-01
CAT,4.34375,2.5426834,1969-04-01
Z_index,103.69,1.5062464,1969-04-01
CAT,4.46875,2.6158543,1969-05-01
Z_index,103.46,1.5029054,1969-05-01
CAT,4.208333,2.4634149,1969-06-01
Z_index,97.709999,1.4193783,1969-06-01
CAT,3.854167,2.2560983,1969-07-01
Z_index,91.830002,1.3339629,1969-07-01
CAT,3.84375,2.2500005,1969-08-01
Z_index,95.510002,1.3874202,1969-08-01
CAT,3.697917,2.1646347,1969-09-01
Z_index,93.120003,1.352702,1969-09-01
CAT,3.666667,2.146342,1969-10-01
Z_index,97.120003,1.4108077,1969-10-01
CAT,3.447917,2.0182931,1969-11-01
Z_index,93.809998,1.3627251,1969-11-01
CAT,3.541667,2.0731714,1969-12-01
Z_index,92.059998,1.3373039,1969-12-01
CAT,3.03125,1.7743906,1970-01-01
Z_index,85.019997,1.2350378,1970-01-01
CAT,3.3125,1.9390248,1970-02-01
Z_index,89.5,1.3001163,1970-02-01
CAT,3.65625,2.1402442,1970-03-01
Z_index,89.629997,1.3020047,1970-03-01
CAT,3.197917,1.8719517,1970-04-01
Z_index,81.519997,1.1841953,1970-04-01
CAT,2.916667,1.7073176,1970-05-01
Z_index,76.550003,1.1119989,1970-05-01
CAT,2.885417,1.6890249,1970-06-01
Z_index,72.720001,1.0563626,1970-06-01
CAT,2.729167,1.5975615,1970-07-01
Z_index,78.050003,1.1337886,1970-07-01
CAT,2.78125,1.6280491,1970-08-01
Z_index,81.519997,1.1841953,1970-08-01
CAT,2.96875,1.7378052,1970-09-01
Z_index,84.300003,1.2245789,1970-09-01
CAT,2.875,1.6829271,1970-10-01
Z_index,83.25,1.209326,1970-10-01
CAT,3.229167,1.8902445,1970-11-01
Z_index,87.199997,1.2667054,1970-11-01
CAT,3.5625,2.0853662,1970-12-01
Z_index,92.150002,1.3386114,1970-12-01
CAT,3.96875,2.3231711,1971-01-01
Z_index,95.879997,1.392795,1971-01-01
CAT,3.90625,2.2865858,1971-02-01
Z_index,96.75,1.4054329,1971-02-01
CAT,3.96875,2.3231711,1971-03-01
Z_index,100.31,1.457147,1971-03-01
CAT,4.458333,2.6097565,1971-04-01
Z_index,103.95,1.5100232,1971-04-01
CAT,4.125,2.4146347,1971-05-01
Z_index,99.629997,1.4472691,1971-05-01
CAT,4.0625,2.3780491,1971-06-01
Z_index,98.699997,1.4337595,1971-06-01
CAT,4.0625,2.3780491,1971-07-01
Z_index,95.580002,1.388437,1971-07-01
CAT,4.489583,2.6280491,1971-08-01
Z_index,99.029999,1.4385532,1971-08-01
CAT,4.239583,2.4817076,1971-09-01
Z_index,98.339996,1.42853,1971-09-01
CAT,3.677083,2.1524394,1971-10-01
Z_index,94.230003,1.3688264,1971-10-01
CAT,3.479167,2.036586,1971-11-01
Z_index,93.989998,1.36534,1971-11-01
CAT,3.9375,2.3048785,1971-12-01
Z_index,102.09,1.4830041,1971-12-01
CAT,4.104167,2.4024396,1972-01-01
Z_index,103.94,1.509878,1972-01-01
CAT,4.041667,2.3658543,1972-02-01
Z_index,106.57,1.5480826,1972-02-01
CAT,4.479167,2.6219518,1972-03-01
Z_index,107.2,1.5572342,1972-03-01
CAT,4.520833,2.6463418,1972-04-01
Z_index,107.67,1.5640616,1972-04-01
CAT,4.729167,2.7682934,1972-05-01
Z_index,109.53,1.5910808,1972-05-01
CAT,4.916667,2.8780496,1972-06-01
Z_index,107.14,1.5563626,1972-06-01
CAT,5.114583,2.9939029,1972-07-01
Z_index,107.39,1.5599942,1972-07-01
CAT,5.4375,3.1829274,1972-08-01
Z_index,111.09,1.613742,1972-08-01
CAT,5.375,3.146342,1972-09-01
Z_index,110.55,1.6058979,1972-09-01
CAT,5.385417,3.1524398,1972-10-01
Z_index,111.58,1.6208601,1972-10-01
CAT,5.677083,3.3231711,1972-11-01
Z_index,116.67,1.6947995,1972-11-01
CAT,5.541667,3.2439032,1972-12-01
Z_index,118.05,1.7148461,1972-12-01
CAT,5.291667,3.0975618,1973-01-01
Z_index,116.03,1.6855026,1973-01-01
CAT,5.364583,3.1402442,1973-02-01
Z_index,111.68,1.6223127,1973-02-01
CAT,5.25,3.0731714,1973-03-01
Z_index,111.52,1.6199884,1973-03-01
CAT,5.1875,3.036586,1973-04-01
Z_index,106.97,1.5538932,1973-04-01
CAT,4.9375,2.8902445,1973-05-01
Z_index,104.95,1.5245497,1973-05-01
CAT,4.84375,2.8353665,1973-06-01
Z_index,104.26,1.5145266,1973-06-01
CAT,5.177083,3.0304883,1973-07-01
Z_index,108.22,1.5720513,1973-07-01
CAT,5.354167,3.1341472,1973-08-01
Z_index,104.25,1.5143813,1973-08-01
CAT,5.895833,3.45122,1973-09-01
Z_index,108.43,1.5751017,1973-09-01
CAT,5.958333,3.4878054,1973-10-01
Z_index,108.29,1.573068,1973-10-01
CAT,5.552083,3.2500005,1973-11-01
Z_index,95.959999,1.393957,1973-11-01
CAT,5.583333,3.2682931,1973-12-01
Z_index,97.550003,1.4170542,1973-12-01
CAT,4.989583,2.920732,1974-01-01
Z_index,96.57,1.4028182,1974-01-01
CAT,5.052083,2.9573174,1974-02-01
Z_index,96.220001,1.3977339,1974-02-01
CAT,4.916667,2.8780496,1974-03-01
Z_index,93.980003,1.3651948,1974-03-01
CAT,4.885417,2.8597567,1974-04-01
Z_index,90.309998,1.3118826,1974-04-01
CAT,5.041667,2.9512203,1974-05-01
Z_index,87.279999,1.2678676,1974-05-01
CAT,4.895833,2.865854,1974-06-01
Z_index,86,1.2492738,1974-06-01
CAT,4.5625,2.6707323,1974-07-01
Z_index,79.309998,1.1520919,1974-07-01
CAT,4.020833,2.3536587,1974-08-01
Z_index,72.150002,1.0480826,1974-08-01
CAT,3.4375,2.0121956,1974-09-01
Z_index,63.540001,.92300993,1974-09-01
CAT,4.427083,2.5914638,1974-10-01
Z_index,73.900002,1.0735039,1974-10-01
CAT,4.302083,2.5182929,1974-11-01
Z_index,69.970001,1.016415,1974-11-01
CAT,4.041667,2.3658543,1974-12-01
Z_index,68.559998,.99593264,1974-12-01
CAT,4.645833,2.7195125,1975-01-01
Z_index,76.980003,1.1182454,1975-01-01
CAT,5.270833,3.0853662,1975-02-01
Z_index,81.589996,1.1852121,1975-02-01
CAT,5.489583,3.2134151,1975-03-01
Z_index,83.360001,1.2109239,1975-03-01
CAT,5.5625,3.2560983,1975-04-01
Z_index,87.300003,1.2681582,1975-04-01
CAT,5.4375,3.1829274,1975-05-01
Z_index,91.150002,1.3240849,1975-05-01
CAT,5.572917,3.2621958,1975-06-01
Z_index,95.190002,1.3827717,1975-06-01
CAT,5.666667,3.3170741,1975-07-01
Z_index,88.75,1.2892214,1975-07-01
CAT,5.572917,3.2621958,1975-08-01
Z_index,86.879997,1.2620569,1975-08-01
CAT,5.427083,3.1768296,1975-09-01
Z_index,83.870003,1.2183325,1975-09-01
CAT,5.927083,3.4695127,1975-10-01
Z_index,89.040001,1.2934341,1975-10-01
CAT,5.75,3.3658543,1975-11-01
Z_index,91.239998,1.3253922,1975-11-01
CAT,5.8125,3.4024396,1975-12-01
Z_index,90.190002,1.3101395,1975-12-01
CAT,6.666667,3.9024398,1976-01-01
Z_index,100.86,1.4651366,1976-01-01
CAT,7.1875,4.2073178,1976-02-01
Z_index,99.709999,1.4484313,1976-02-01
CAT,6.875,4.0243912,1976-03-01
Z_index,102.77,1.4928821,1976-03-01
CAT,7.270833,4.2560983,1976-04-01
Z_index,101.64,1.4764673,1976-04-01
CAT,7.395833,4.3292689,1976-05-01
Z_index,100.18,1.4552586,1976-05-01
CAT,7.59375,4.4451227,1976-06-01
Z_index,104.28,1.514817,1976-06-01
CAT,7.703125,4.5091472,1976-07-01
Z_index,103.44,1.5026149,1976-07-01
CAT,7.3125,4.2804885,1976-08-01
Z_index,102.91,1.4949158,1976-08-01
CAT,6.921875,4.0518298,1976-09-01
Z_index,105.24,1.5287623,1976-09-01
CAT,7.25,4.2439032,1976-10-01
Z_index,102.9,1.4947705,1976-10-01
CAT,7.171875,4.1981716,1976-11-01
Z_index,102.1,1.4831494,1976-11-01
CAT,7.25,4.2439032,1976-12-01
Z_index,107.46,1.5610111,1976-12-01
CAT,6.453125,3.7774398,1977-01-01
Z_index,102.03,1.4821326,1977-01-01
CAT,6.34375,3.7134154,1977-02-01
Z_index,99.82,1.4500291,1977-02-01
CAT,6.828125,3.9969521,1977-03-01
Z_index,98.419998,1.429692,1977-03-01
CAT,6.8125,3.9878056,1977-04-01
Z_index,98.440002,1.4299827,1977-04-01
CAT,7.0625,4.1341472,1977-05-01
Z_index,96.120003,1.3962814,1977-05-01
CAT,7.21875,4.2256107,1977-06-01
Z_index,100.48,1.4596167,1977-06-01
CAT,6.625,3.8780496,1977-07-01
Z_index,98.849998,1.4359385,1977-07-01
CAT,6.40625,3.7500007,1977-08-01
Z_index,96.769997,1.4057235,1977-08-01
CAT,6.875,4.0243912,1977-09-01
Z_index,96.529999,1.4022372,1977-09-01
CAT,6.4375,3.7682934,1977-10-01
Z_index,92.339996,1.3413713,1977-10-01
CAT,6.859375,4.0152445,1977-11-01
Z_index,94.830002,1.3775423,1977-11-01
CAT,6.859375,4.0152445,1977-12-01
Z_index,95.099998,1.3814644,1977-12-01
CAT,6.1875,3.6219518,1978-01-01
Z_index,89.25,1.2964847,1978-01-01
CAT,6.15625,3.6036592,1978-02-01
Z_index,87.040001,1.2643813,1978-02-01
CAT,5.921875,3.466464,1978-03-01
Z_index,89.209999,1.2959036,1978-03-01
CAT,6.921875,4.0518298,1978-04-01
Z_index,96.830002,1.4065951,1978-04-01
CAT,6.953125,4.0701227,1978-05-01
Z_index,97.239998,1.4125509,1978-05-01
CAT,6.984375,4.0884156,1978-06-01
Z_index,95.529999,1.3877107,1978-06-01
CAT,7.46875,4.3719521,1978-07-01
Z_index,100.68,1.4625219,1978-07-01
CAT,7.5,4.3902445,1978-08-01
Z_index,103.29,1.5004358,1978-08-01
CAT,7.359375,4.3079276,1978-09-01
Z_index,102.54,1.4895411,1978-09-01
CAT,6.90625,4.0426836,1978-10-01
Z_index,93.150002,1.3531379,1978-10-01
CAT,7.0625,4.1341472,1978-11-01
Z_index,94.699997,1.3756537,1978-11-01
CAT,7.34375,4.2987814,1978-12-01
Z_index,96.110001,1.396136,1978-12-01
CAT,7.59375,4.4451227,1979-01-01
Z_index,99.93,1.451627,1979-01-01
CAT,7.21875,4.2256107,1979-02-01
Z_index,96.279999,1.3986055,1979-02-01
CAT,7.421875,4.3445129,1979-03-01
Z_index,101.59,1.4757409,1979-03-01
CAT,6.875,4.0243912,1979-04-01
Z_index,101.76,1.4782104,1979-04-01
CAT,6.90625,4.0426836,1979-05-01
Z_index,99.080002,1.4392796,1979-05-01
CAT,6.890625,4.0335374,1979-06-01
Z_index,102.91,1.4949158,1979-06-01
CAT,6.9375,4.0609765,1979-07-01
Z_index,103.81,1.5079896,1979-07-01
CAT,7.109375,4.1615863,1979-08-01
Z_index,109.32,1.5880303,1979-08-01
CAT,6.96875,4.0792689,1979-09-01
Z_index,109.32,1.5880303,1979-09-01
CAT,6.21875,3.6402445,1979-10-01
Z_index,101.82,1.479082,1979-10-01
CAT,6.75,3.9512203,1979-11-01
Z_index,106.16,1.5421268,1979-11-01
CAT,6.75,3.9512203,1979-12-01
Z_index,107.94,1.5679839,1979-12-01
CAT,7.09375,4.1524396,1980-01-01
Z_index,114.16,1.6583383,1980-01-01
CAT,6.65625,3.8963423,1980-02-01
Z_index,113.66,1.6510751,1980-02-01
CAT,5.953125,3.4847567,1980-03-01
Z_index,102.09,1.4830041,1980-03-01
CAT,5.875,3.4390249,1980-04-01
Z_index,106.29,1.5440152,1980-04-01
CAT,6.171875,3.6128056,1980-05-01
Z_index,111.24,1.615921,1980-05-01
CAT,6.59375,3.8597567,1980-06-01
Z_index,114.24,1.6595004,1980-06-01
CAT,7.375,4.3170738,1980-07-01
Z_index,121.67,1.7674317,1980-07-01
CAT,6.625,3.8780496,1980-08-01
Z_index,122.38,1.7777456,1980-08-01
CAT,6.984375,4.0884156,1980-09-01
Z_index,125.46,1.822487,1980-09-01
CAT,7.140625,4.1798787,1980-10-01
Z_index,127.47,1.8516852,1980-10-01
CAT,7.84375,4.591464,1980-11-01
Z_index,140.52,2.0412552,1980-11-01
CAT,7.25,4.2439032,1980-12-01
Z_index,135.75999,1.9721093,1980-12-01
CAT,6.9375,4.0609765,1981-01-01
Z_index,129.55,1.8819002,1981-01-01
CAT,8.03125,4.7012205,1981-02-01
Z_index,131.27,1.9068857,1981-02-01
CAT,8.078125,4.7286596,1981-03-01
Z_index,136,1.9755957,1981-03-01
CAT,8.984375,5.2591472,1981-04-01
Z_index,132.81,1.9292563,1981-04-01
CAT,8.5,4.9756107,1981-05-01
Z_index,132.59,1.9260604,1981-05-01
CAT,8.203125,4.8018303,1981-06-01
Z_index,131.21001,1.9060141,1981-06-01
CAT,7.8125,4.5731716,1981-07-01
Z_index,130.92,1.9018013,1981-07-01
CAT,7.265625,4.2530494,1981-08-01
Z_index,122.79,1.7837014,1981-08-01
CAT,6.703125,3.9237812,1981-09-01
Z_index,116.18,1.6876817,1981-09-01
CAT,6.28125,3.6768301,1981-10-01
Z_index,121.89,1.7706276,1981-10-01
CAT,7.125,4.1707325,1981-11-01
Z_index,126.35,1.8354155,1981-11-01
CAT,6.9375,4.0609765,1981-12-01
Z_index,122.55,1.7802151,1981-12-01
CAT,6.5625,3.841464,1982-01-01
Z_index,120.4,1.7489833,1982-01-01
CAT,5.890625,3.4481714,1982-02-01
Z_index,113.11,1.6430855,1982-02-01
CAT,6.046875,3.5396347,1982-03-01
Z_index,111.96,1.6263801,1982-03-01
CAT,5.734375,3.356708,1982-04-01
Z_index,116.44,1.6914586,1982-04-01
CAT,4.59375,2.6890249,1982-05-01
Z_index,111.88,1.6252179,1982-05-01
CAT,4.640625,2.7164638,1982-06-01
Z_index,109.61,1.592243,1982-06-01
CAT,4.578125,2.6798785,1982-07-01
Z_index,107.09,1.5556363,1982-07-01
CAT,5.03125,2.9451225,1982-08-01
Z_index,119.51,1.7360548,1982-08-01
CAT,4.21875,2.4695127,1982-09-01
Z_index,120.42,1.7492738,1982-09-01
CAT,4.71875,2.7621956,1982-10-01
Z_index,133.72,1.9424754,1982-10-01
CAT,4.90625,2.8719518,1982-11-01
Z_index,138.53,2.0123475,1982-11-01
CAT,5.015625,2.9359763,1982-12-01
Z_index,140.64,2.0429983,1982-12-01
CAT,5.34375,3.1280494,1983-01-01
Z_index,145.3,2.1106915,1983-01-01
CAT,5.53125,3.2378054,1983-02-01
Z_index,148.06,2.1507845,1983-02-01
CAT,5.328125,3.1189029,1983-03-01
Z_index,152.96001,2.2219641,1983-03-01
CAT,5.8125,3.4024396,1983-04-01
Z_index,164.42999,2.3885822,1983-04-01
CAT,5.84375,3.4207323,1983-05-01
Z_index,162.39,2.3589485,1983-05-01
CAT,5.90625,3.4573178,1983-06-01
Z_index,167.64,2.4352121,1983-06-01
CAT,5.5,3.2195127,1983-07-01
Z_index,162.56,2.3614178,1983-07-01
CAT,4.90625,2.8719518,1983-08-01
Z_index,164.39999,2.3881464,1983-08-01
CAT,5.453125,3.1920738,1983-09-01
Z_index,166.07001,2.4124057,1983-09-01
CAT,4.890625,2.8628054,1983-10-01
Z_index,163.55,2.3757992,1983-10-01
CAT,5.59375,3.2743909,1983-11-01
Z_index,166.39999,2.4171994,1983-11-01
CAT,5.90625,3.4573178,1983-12-01
Z_index,164.92999,2.3958454,1983-12-01
CAT,6.046875,3.5396347,1984-01-01
Z_index,163.41,2.3737655,1984-01-01
CAT,5.671875,3.3201225,1984-02-01
Z_index,157.06,2.2815225,1984-02-01
CAT,6.40625,3.7500007,1984-03-01
Z_index,159.17999,2.3123183,1984-03-01
CAT,5.875,3.4390249,1984-04-01
Z_index,160.05,2.3249567,1984-04-01
CAT,5.09375,2.9817078,1984-05-01
Z_index,150.55,2.1869555,1984-05-01
CAT,4.6875,2.7439029,1984-06-01
Z_index,153.17999,2.2251599,1984-06-01
CAT,4.296875,2.5152445,1984-07-01
Z_index,150.66,2.1885533,1984-07-01
CAT,4.859375,2.8445127,1984-08-01
Z_index,166.67999,2.4212668,1984-08-01
CAT,4.375,2.560976,1984-09-01
Z_index,166.10001,2.4128416,1984-09-01
CAT,3.875,2.2682931,1984-10-01
Z_index,166.09,2.4126961,1984-10-01
CAT,3.859375,2.2591467,1984-11-01
Z_index,163.58,2.376235,1984-11-01
CAT,3.875,2.2682931,1984-12-01
Z_index,167.24001,2.4294016,1984-12-01
CAT,4.171875,2.4420736,1985-01-01
Z_index,179.63,2.6093843,1985-01-01
CAT,4.109375,2.4054883,1985-02-01
Z_index,181.17999,2.6319001,1985-02-01
CAT,3.984375,2.3323176,1985-03-01
Z_index,180.66,2.6243465,1985-03-01
CAT,3.953125,2.3140249,1985-04-01
Z_index,179.83,2.6122894,1985-04-01
CAT,4.328125,2.5335371,1985-05-01
Z_index,189.55,2.7534866,1985-05-01
CAT,4.140625,2.4237809,1985-06-01
Z_index,191.85001,2.7868974,1985-06-01
CAT,4.609375,2.6981711,1985-07-01
Z_index,190.92,2.7733877,1985-07-01
CAT,4.5,2.6341469,1985-08-01
Z_index,188.63,2.7401223,1985-08-01
CAT,4.421875,2.5884151,1985-09-01
Z_index,182.08,2.644974,1985-09-01
CAT,4.4375,2.5975614,1985-10-01
Z_index,189.82001,2.7574086,1985-10-01
CAT,4.984375,2.9176834,1985-11-01
Z_index,202.17,2.93681,1985-11-01
CAT,5.25,3.0731714,1985-12-01
Z_index,211.28,3.0691459,1985-12-01
CAT,5.71875,3.3475616,1986-01-01
Z_index,211.78,3.0764091,1986-01-01
CAT,6.34375,3.7134154,1986-02-01
Z_index,226.92,3.2963395,1986-02-01
CAT,6.578125,3.8506105,1986-03-01
Z_index,238.89999,3.4703662,1986-03-01
CAT,6.625,3.8780496,1986-04-01
Z_index,235.52,3.421267,1986-04-01
CAT,6.78125,3.9695129,1986-05-01
Z_index,247.35001,3.5931149,1986-05-01
CAT,6.21875,3.6402445,1986-06-01
Z_index,250.84,3.6438119,1986-06-01
CAT,5.578125,3.2652445,1986-07-01
Z_index,236.12,3.4299827,1986-07-01
CAT,6.234375,3.6493909,1986-08-01
Z_index,252.92999,3.6741722,1986-08-01
CAT,4.734375,2.771342,1986-09-01
Z_index,231.32001,3.360256,1986-09-01
CAT,4.984375,2.9176834,1986-10-01
Z_index,243.98,3.5441606,1986-10-01
CAT,4.953125,2.8993907,1986-11-01
Z_index,249.22,3.6202791,1986-11-01
CAT,5.015625,2.9359763,1986-12-01
Z_index,242.17,3.5178676,1986-12-01
CAT,5.4375,3.1829274,1987-01-01
Z_index,274.07999,3.9814062,1987-01-01
CAT,5.734375,3.356708,1987-02-01
Z_index,284.20001,4.1284142,1987-02-01
CAT,6.03125,3.5304885,1987-03-01
Z_index,291.70001,4.2373624,1987-03-01
CAT,6.015625,3.521342,1987-04-01
Z_index,288.35999,4.1888437,1987-04-01
CAT,6.484375,3.7957325,1987-05-01
Z_index,290.10001,4.2141199,1987-05-01
CAT,6.6875,3.9146349,1987-06-01
Z_index,304,4.4160376,1987-06-01
CAT,8.109375,4.7469521,1987-07-01
Z_index,318.66,4.6289949,1987-07-01
CAT,7.734375,4.5274401,1987-08-01
Z_index,329.79999,4.7908192,1987-08-01
CAT,9.1875,5.3780499,1987-09-01
Z_index,321.82999,4.6750436,1987-09-01
CAT,6.21875,3.6402445,1987-10-01
Z_index,251.78999,3.6576118,1987-10-01
CAT,7.09375,4.1524396,1987-11-01
Z_index,230.3,3.345439,1987-11-01
CAT,7.75,4.5365863,1987-12-01
Z_index,247.08,3.5891926,1987-12-01
CAT,7.28125,4.2621961,1988-01-01
Z_index,257.07001,3.7343118,1988-01-01
CAT,8.125,4.7560983,1988-02-01
Z_index,267.82001,3.890471,1988-02-01
CAT,7.796875,4.5640254,1988-03-01
Z_index,258.89001,3.7607501,1988-03-01
CAT,7.84375,4.591464,1988-04-01
Z_index,261.32999,3.7961941,1988-04-01
CAT,7.75,4.5365863,1988-05-01
Z_index,262.16,3.8082514,1988-05-01
CAT,8.46875,4.9573178,1988-06-01
Z_index,273.5,3.972981,1988-06-01
CAT,7.78125,4.5548787,1988-07-01
Z_index,272.01999,3.9514818,1988-07-01
CAT,6.953125,4.0701227,1988-08-01
Z_index,261.51999,3.7989542,1988-08-01
CAT,7.1875,4.2073178,1988-09-01
Z_index,271.91,3.9498839,1988-09-01
CAT,7.71875,4.5182934,1988-10-01
Z_index,278.97,4.0524406,1988-10-01
CAT,7.921875,4.6371961,1988-11-01
Z_index,273.70001,3.9758866,1988-11-01
CAT,7.953125,4.6554885,1988-12-01
Z_index,277.72,4.0342827,1988-12-01
CAT,7.734375,4.5274401,1989-01-01
Z_index,297.47,4.3211799,1989-01-01
CAT,7.34375,4.2987814,1989-02-01
Z_index,288.85999,4.1961069,1989-02-01
CAT,7.140625,4.1798787,1989-03-01
Z_index,294.87,4.283411,1989-03-01
CAT,7.5625,4.4268303,1989-04-01
Z_index,309.64001,4.4979668,1989-04-01
CAT,7.984375,4.6737814,1989-05-01
Z_index,320.51999,4.656014,1989-05-01
CAT,7.25,4.2439032,1989-06-01
Z_index,317.98001,4.6191173,1989-06-01
CAT,7.421875,4.3445129,1989-07-01
Z_index,346.07999,5.0273099,1989-07-01
CAT,8.03125,4.7012205,1989-08-01
Z_index,351.45001,5.1053171,1989-08-01
CAT,7.625,4.4634156,1989-09-01
Z_index,349.14999,5.0719061,1989-09-01
CAT,7.15625,4.1890254,1989-10-01
Z_index,340.35999,4.9442186,1989-10-01
CAT,7.328125,4.2896352,1989-11-01
Z_index,345.98999,5.0260024,1989-11-01
CAT,7.234375,4.2347569,1989-12-01
Z_index,353.39999,5.1336436,1989-12-01
CAT,6.921875,4.0518298,1990-01-01
Z_index,329.07999,4.7803602,1990-01-01
CAT,7.578125,4.4359765,1990-02-01
Z_index,331.89001,4.8211799,1990-02-01
CAT,7.640625,4.4725618,1990-03-01
Z_index,339.94,4.9381175,1990-03-01
CAT,7.671875,4.4908543,1990-04-01
Z_index,330.79999,4.805346,1990-04-01
CAT,8.375,4.9024401,1990-05-01
Z_index,361.23001,5.2473855,1990-05-01
CAT,6.578125,3.8506105,1990-06-01
Z_index,358.01999,5.2007556,1990-06-01
CAT,6.109375,3.5762203,1990-07-01
Z_index,356.14999,5.1735911,1990-07-01
CAT,5.375,3.146342,1990-08-01
Z_index,322.56,4.685648,1990-08-01
CAT,5.28125,3.091464,1990-09-01
Z_index,306.04999,4.4458165,1990-09-01
CAT,5.09375,2.9817078,1990-10-01
Z_index,304,4.4160376,1990-10-01
CAT,5.140625,3.0091469,1990-11-01
Z_index,322.22,4.6807094,1990-11-01
CAT,5.875,3.4390249,1990-12-01
Z_index,330.22,4.7969208,1990-12-01
CAT,6.21875,3.6402445,1991-01-01
Z_index,343.92999,4.996078,1991-01-01
CAT,6.828125,3.9969521,1991-02-01
Z_index,367.07001,5.3322201,1991-02-01
CAT,5.984375,3.5030494,1991-03-01
Z_index,375.22,5.4506106,1991-03-01
CAT,5.953125,3.4847567,1991-04-01
Z_index,375.34,5.4523535,1991-04-01
CAT,6.46875,3.786586,1991-05-01
Z_index,389.82999,5.6628413,1991-05-01
CAT,6.171875,3.6128056,1991-06-01
Z_index,371.16,5.391633,1991-06-01
CAT,6.140625,3.5945129,1991-07-01
Z_index,387.81,5.6334982,1991-07-01
CAT,5.9375,3.4756105,1991-08-01
Z_index,395.42999,5.7441897,1991-08-01
CAT,5.578125,3.2652445,1991-09-01
Z_index,387.85999,5.6342244,1991-09-01
CAT,6,3.5121958,1991-10-01
Z_index,392.45001,5.700901,1991-10-01
CAT,5.15625,3.0182931,1991-11-01
Z_index,375.22,5.4506106,1991-11-01
CAT,5.484375,3.2103665,1991-12-01
Z_index,417.09,6.0588322,1991-12-01
CAT,5.84375,3.4207323,1992-01-01
Z_index,408.78,5.9381175,1992-01-01
CAT,6.109375,3.5762203,1992-02-01
Z_index,412.70001,5.9950614,1992-02-01
CAT,6.25,3.6585371,1992-03-01
Z_index,403.69,5.8641782,1992-03-01
CAT,7.015625,4.106708,1992-04-01
Z_index,414.95001,6.0277462,1992-04-01
CAT,7.546875,4.4176836,1992-05-01
Z_index,415.35001,6.0335565,1992-05-01
CAT,6.71875,3.9329276,1992-06-01
Z_index,408.14001,5.9288211,1992-06-01
CAT,6.90625,4.0426836,1992-07-01
Z_index,424.20999,6.1622605,1992-07-01
CAT,6.03125,3.5304885,1992-08-01
Z_index,414.03,6.0143814,1992-08-01
CAT,6.515625,3.8140252,1992-09-01
Z_index,417.79999,6.0691462,1992-09-01
CAT,6.53125,3.8231714,1992-10-01
Z_index,418.67999,6.0819292,1992-10-01
CAT,7.09375,4.1524396,1992-11-01
Z_index,431.35001,6.2659793,1992-11-01
CAT,6.703125,3.9237812,1992-12-01
Z_index,435.70999,6.3293147,1992-12-01
CAT,7.015625,4.106708,1993-01-01
Z_index,438.78,6.3739109,1993-01-01
CAT,7.25,4.2439032,1993-02-01
Z_index,443.38,6.4407325,1993-02-01
CAT,7.390625,4.3262205,1993-03-01
Z_index,451.67001,6.5611567,1993-03-01
CAT,8.65625,5.0670743,1993-04-01
Z_index,440.19,6.394393,1993-04-01
CAT,8.953125,5.2408547,1993-05-01
Z_index,450.19,6.5396576,1993-05-01
CAT,9.359375,5.4786596,1993-06-01
Z_index,450.53,6.5445967,1993-06-01
CAT,9.609375,5.625001,1993-07-01
Z_index,448.13,6.5097332,1993-07-01
CAT,10.28125,6.0182939,1993-08-01
Z_index,463.56,6.7338758,1993-08-01
CAT,9.875,5.780489,1993-09-01
Z_index,458.92999,6.6666183,1993-09-01
CAT,11.4375,6.6951232,1993-10-01
Z_index,467.82999,6.7959037,1993-10-01
CAT,10.65625,6.2378058,1993-11-01
Z_index,461.79001,6.7081642,1993-11-01
CAT,11.125,6.5121965,1993-12-01
Z_index,466.45001,6.7758574,1993-12-01
CAT,13.015625,7.6189036,1994-01-01
Z_index,481.60999,6.996078,1994-01-01
CAT,13.546875,7.9298797,1994-02-01
Z_index,467.14001,6.785881,1994-02-01
CAT,14.046875,8.2225628,1994-03-01
Z_index,445.76999,6.4754505,1994-03-01
CAT,13.734375,8.0396357,1994-04-01
Z_index,450.91,6.5501165,1994-04-01
CAT,13.359375,7.8201232,1994-05-01
Z_index,456.5,6.6313195,1994-05-01
CAT,12.5,7.3170743,1994-06-01
Z_index,444.26999,6.453661,1994-06-01
CAT,13.546875,7.9298797,1994-07-01
Z_index,458.26001,6.6568861,1994-07-01
CAT,14.421875,8.4420748,1994-08-01
Z_index,475.48999,6.9071765,1994-08-01
CAT,13.53125,7.920733,1994-09-01
Z_index,462.70999,6.7215285,1994-09-01
CAT,14.9375,8.7439041,1994-10-01
Z_index,472.35001,6.8615637,1994-10-01
CAT,13.53125,7.920733,1994-11-01
Z_index,453.69,6.5904999,1994-11-01
CAT,13.78125,8.0670748,1994-12-01
Z_index,459.26999,6.6715574,1994-12-01
CAT,12.84375,7.5182939,1995-01-01
Z_index,470.42001,6.8335276,1995-01-01
CAT,12.90625,7.5548797,1995-02-01
Z_index,487.39001,7.0800414,1995-02-01
CAT,13.875,8.121953,1995-03-01
Z_index,500.70999,7.2735329,1995-03-01
CAT,14.625,8.560977,1995-04-01
Z_index,514.71002,7.4769039,1995-04-01
CAT,15.0625,8.8170748,1995-05-01
Z_index,533.40002,7.7484031,1995-05-01
CAT,16.0625,9.402441,1995-06-01
Z_index,544.75,7.9132776,1995-06-01
CAT,17.59375,10.298782,1995-07-01
Z_index,562.06,8.1647301,1995-07-01
CAT,16.78125,9.8231726,1995-08-01
Z_index,561.88,8.1621151,1995-08-01
CAT,14.21875,8.3231726,1995-09-01
Z_index,584.40997,8.4893961,1995-09-01
CAT,14.1875,8.3048792,1995-10-01
Z_index,581.5,8.4471245,1995-10-01
CAT,15.34375,8.9817085,1995-11-01
Z_index,605.37,8.79387,1995-11-01
CAT,14.6875,8.5975628,1995-12-01
Z_index,615.92999,8.9472694,1995-12-01
CAT,16.09375,9.4207335,1996-01-01
Z_index,636.02002,9.2391062,1996-01-01
CAT,16.6875,9.7682943,1996-02-01
Z_index,640.42999,9.3031673,1996-02-01
CAT,17,9.9512215,1996-03-01
Z_index,645.5,9.3768167,1996-03-01
CAT,16.03125,9.3841476,1996-04-01
Z_index,654.16998,9.5027599,1996-04-01
CAT,16.40625,9.6036606,1996-05-01
Z_index,669.12,9.7199306,1996-05-01
CAT,16.9375,9.9146357,1996-06-01
Z_index,670.63,9.7418661,1996-06-01
CAT,16.46875,9.6402454,1996-07-01
Z_index,639.95001,9.296195,1996-07-01
CAT,17.21875,10.07927,1996-08-01
Z_index,651.98999,9.4710932,1996-08-01
CAT,18.84375,11.03049,1996-09-01
Z_index,687.33002,9.984457,1996-09-01
CAT,17.15625,10.042685,1996-10-01
Z_index,705.27002,10.245062,1996-10-01
CAT,19.78125,11.57927,1996-11-01
Z_index,757.02002,10.996805,1996-11-01
CAT,18.8125,11.012197,1996-12-01
Z_index,740.73999,10.760314,1996-12-01
CAT,19.40625,11.359758,1997-01-01
Z_index,786.15997,11.420105,1997-01-01
CAT,19.5625,11.451221,1997-02-01
Z_index,790.82001,11.487799,1997-02-01
CAT,20.0625,11.743905,1997-03-01
Z_index,757.12,10.998258,1997-03-01
CAT,22.25,13.024393,1997-04-01
Z_index,801.34003,11.640617,1997-04-01
CAT,24.40625,14.286588,1997-05-01
Z_index,848.28003,12.322488,1997-05-01
CAT,26.84375,15.713418,1997-06-01
Z_index,885.14001,12.857932,1997-06-01
CAT,28,16.390247,1997-07-01
Z_index,954.31,13.862726,1997-07-01
CAT,29.03125,16.993906,1997-08-01
Z_index,899.46997,13.066095,1997-08-01
CAT,26.96875,15.786589,1997-09-01
Z_index,947.28003,13.760606,1997-09-01
CAT,25.625,15.000003,1997-10-01
Z_index,914.62,13.286172,1997-10-01
CAT,23.96875,14.030491,1997-11-01
Z_index,955.40002,13.87856,1997-11-01
CAT,24.25,14.195125,1997-12-01
Z_index,970.42999,14.096892,1997-12-01
CAT,24,14.048783,1998-01-01
Z_index,980.28003,14.239978,1998-01-01
CAT,27.28125,15.969515,1998-02-01
Z_index,1049.34,15.243173,1998-02-01
CAT,27.53125,16.115856,1998-03-01
Z_index,1101.75,16.004503,1998-03-01
CAT,28.46875,16.664637,1998-04-01
Z_index,1111.75,16.149769,1998-04-01
CAT,27.46875,16.079271,1998-05-01
Z_index,1090.8199,15.845729,1998-05-01
CAT,26.4531,15.484744,1998-06-01
Z_index,1133.84,16.470657,1998-06-01
CAT,24.25,14.195125,1998-07-01
Z_index,1120.67,16.279345,1998-07-01
CAT,21,12.292686,1998-08-01
Z_index,957.28003,13.905869,1998-08-01
CAT,22.25,13.024393,1998-09-01
Z_index,1017.01,14.773534,1998-09-01
CAT,22.46875,13.152441,1998-10-01
Z_index,1098.67,15.959764,1998-10-01
CAT,24.71875,14.469515,1998-11-01
Z_index,1163.63,16.9034,1998-11-01
CAT,23,13.463417,1998-12-01
Z_index,1229.23,17.856335,1998-12-01
CAT,21.65625,12.676831,1999-01-01
Z_index,1279.64,18.588612,1999-01-01
CAT,22.78125,13.335368,1999-02-01
Z_index,1238.33,17.988523,1999-02-01
CAT,22.96875,13.445125,1999-03-01
Z_index,1286.37,18.686375,1999-03-01
CAT,32.1875,18.841467,1999-04-01
Z_index,1335.1801,19.395411,1999-04-01
CAT,27.4375,16.060978,1999-05-01
Z_index,1301.84,18.911098,1999-05-01
CAT,30,17.560978,1999-06-01
Z_index,1372.71,19.940588,1999-06-01
CAT,29.3125,17.158541,1999-07-01
Z_index,1328.72,19.301569,1999-07-01
CAT,28.3125,16.573174,1999-08-01
Z_index,1320.41,19.180855,1999-08-01
CAT,27.40625,16.042686,1999-09-01
Z_index,1282.71,18.633207,1999-09-01
CAT,27.65625,16.189028,1999-10-01
Z_index,1362.9301,19.798521,1999-10-01
CAT,23.1875,13.573174,1999-11-01
Z_index,1388.91,20.175917,1999-11-01
CAT,23.53125,13.774393,1999-12-01
Z_index,1469.25,21.34297,1999-12-01
CAT,21.21875,12.420734,2000-01-01
Z_index,1394.46,20.256536,2000-01-01
CAT,17.53125,10.262197,2000-02-01
Z_index,1366.42,19.849216,2000-02-01
CAT,19.71875,11.542686,2000-03-01
Z_index,1498.58,21.76903,2000-03-01
CAT,19.71875,11.542686,2000-04-01
Z_index,1452.4301,21.098637,2000-04-01
CAT,19.125,11.195124,2000-05-01
Z_index,1420.6,20.636259,2000-05-01
CAT,16.9375,9.9146357,2000-06-01
Z_index,1454.6,21.130157,2000-06-01
CAT,17.03125,9.9695139,2000-07-01
Z_index,1430.83,20.784864,2000-07-01
CAT,18.382799,10.760665,2000-08-01
Z_index,1517.6801,22.046486,2000-08-01
CAT,15.5,9.0731726,2000-09-01
Z_index,1436.51,20.867374,2000-09-01
CAT,17.53125,10.262197,2000-10-01
Z_index,1429.4,20.764091,2000-10-01
CAT,19.65625,11.5061,2000-11-01
Z_index,1314.95,19.10154,2000-11-01
CAT,23.65625,13.847564,2000-12-01
Z_index,1320.28,19.178967,2000-12-01
CAT,22.110001,12.942442,2001-01-01
Z_index,1366.01,19.843262,2001-01-01
CAT,20.799999,12.175611,2001-02-01
Z_index,1239.9399,18.011911,2001-02-01
CAT,22.190001,12.989271,2001-03-01
Z_index,1160.33,16.855463,2001-03-01
CAT,25.1,14.692686,2001-04-01
Z_index,1249.46,18.150204,2001-04-01
CAT,27.08,15.85171,2001-05-01
Z_index,1255.8199,18.242592,2001-05-01
CAT,25.025,14.648783,2001-06-01
Z_index,1224.38,17.785881,2001-06-01
CAT,27.549999,16.126831,2001-07-01
Z_index,1211.23,17.594858,2001-07-01
CAT,25,14.634149,2001-08-01
Z_index,1133.58,16.466881,2001-08-01
CAT,22.4,13.112197,2001-09-01
Z_index,1040.9399,15.12115,2001-09-01
CAT,22.360001,13.088783,2001-10-01
Z_index,1059.78,15.39483,2001-10-01
CAT,23.709999,13.879026,2001-11-01
Z_index,1139.45,16.552151,2001-11-01
CAT,26.125,15.292686,2001-12-01
Z_index,1148.08,16.677513,2001-12-01
CAT,25.139999,14.7161,2002-01-01
Z_index,1130.2,16.41778,2002-01-01
CAT,27.754999,16.246832,2002-02-01
Z_index,1106.73,16.076845,2002-02-01
CAT,28.424999,16.639027,2002-03-01
Z_index,1147.39,16.66749,2002-03-01
CAT,27.309999,15.986344,2002-04-01
Z_index,1076.92,15.643813,2002-04-01
CAT,26.135,15.298539,2002-05-01
Z_index,1067.14,15.501744,2002-05-01
CAT,24.475,14.326832,2002-06-01
Z_index,989.82001,14.37856,2002-06-01
CAT,22.35,13.08293,2002-07-01
Z_index,911.62,13.242592,2002-07-01
CAT,21.82,12.772685,2002-08-01
Z_index,916.07001,13.307235,2002-08-01
CAT,18.610001,10.893661,2002-09-01
Z_index,815.28003,11.843116,2002-09-01
CAT,20.424999,11.9561,2002-10-01
Z_index,885.76001,12.866939,2002-10-01
CAT,24.950001,14.604881,2002-11-01
Z_index,936.31,13.60125,2002-11-01
CAT,22.860001,13.381466,2002-12-01
Z_index,879.82001,12.780652,2002-12-01
CAT,21.99,12.872197,2003-01-01
Z_index,855.70001,12.430274,2003-01-01
CAT,23.5,13.7561,2003-02-01
Z_index,841.15002,12.218914,2003-02-01
CAT,24.6,14.400002,2003-03-01
Z_index,848.17999,12.321034,2003-03-01
CAT,26.299999,15.395124,2003-04-01
Z_index,916.91998,13.319582,2003-04-01
CAT,26.075001,15.263418,2003-05-01
Z_index,963.59003,13.997532,2003-05-01
CAT,27.83,16.290735,2003-06-01
Z_index,974.5,14.156014,2003-06-01
CAT,33.735001,19.74732,2003-07-01
Z_index,990.31,14.385677,2003-07-01
CAT,35.915001,21.023418,2003-08-01
Z_index,1008.01,14.642796,2003-08-01
CAT,34.419998,20.148294,2003-09-01
Z_index,995.96997,14.467896,2003-09-01
CAT,36.639999,21.447809,2003-10-01
Z_index,1050.71,15.263074,2003-10-01
CAT,38.025002,22.258541,2003-11-01
Z_index,1058.2,15.371877,2003-11-01
CAT,41.509998,24.29854,2003-12-01
Z_index,1111.92,16.152239,2003-12-01
CAT,39.064999,22.867321,2004-01-01
Z_index,1131.13,16.431292,2004-01-01
CAT,37.875,22.170736,2004-02-01
Z_index,1144.9399,16.631901,2004-02-01
CAT,39.535,23.142443,2004-03-01
Z_index,1126.21,16.359819,2004-03-01
CAT,38.865002,22.75025,2004-04-01
Z_index,1107.3,16.085127,2004-04-01
CAT,37.674999,22.053661,2004-05-01
Z_index,1120.6801,16.27949,2004-05-01
CAT,39.720001,23.250736,2004-06-01
Z_index,1140.84,16.572342,2004-06-01
CAT,36.744999,21.509272,2004-07-01
Z_index,1101.72,16.004068,2004-07-01
CAT,36.349998,21.278051,2004-08-01
Z_index,1104.24,16.040674,2004-08-01
CAT,40.224998,23.546345,2004-09-01
Z_index,1114.58,16.190878,2004-09-01
CAT,40.27,23.572687,2004-10-01
Z_index,1130.2,16.41778,2004-10-01
CAT,45.775002,26.795128,2004-11-01
Z_index,1173.8199,17.051424,2004-11-01
CAT,48.755001,28.539518,2004-12-01
Z_index,1211.92,17.604883,2004-12-01
CAT,44.549999,26.078053,2005-01-01
Z_index,1181.27,17.159647,2005-01-01
CAT,47.525002,27.819519,2005-02-01
Z_index,1203.6,17.484022,2005-02-01
CAT,45.720001,26.762932,2005-03-01
Z_index,1180.59,17.149769,2005-03-01
CAT,44.025002,25.770737,2005-04-01
Z_index,1156.85,16.804911,2005-04-01
CAT,47.055,27.544395,2005-05-01
Z_index,1191.5,17.308252,2005-05-01
CAT,47.654999,27.895615,2005-06-01
Z_index,1191.33,17.305782,2005-06-01
CAT,53.91,31.557079,2005-07-01
Z_index,1234.1801,17.928242,2005-07-01
CAT,55.490002,32.481956,2005-08-01
Z_index,1220.33,17.727049,2005-08-01
CAT,58.75,34.390251,2005-09-01
Z_index,1228.8101,17.850235,2005-09-01
CAT,52.59,30.784395,2005-10-01
Z_index,1207.01,17.533558,2005-10-01
CAT,57.779999,33.822445,2005-11-01
Z_index,1249.48,18.150496,2005-11-01
CAT,57.77,33.816593,2005-12-01
Z_index,1248.29,18.133209,2005-12-01
CAT,67.900002,39.746349,2006-01-01
Z_index,1280.08,18.595003,2006-01-01
CAT,73.080002,42.778545,2006-02-01
Z_index,1280.66,18.60343,2006-02-01
CAT,71.809998,42.03513,2006-03-01
Z_index,1294.87,18.809851,2006-03-01
CAT,75.739998,44.335617,2006-04-01
Z_index,1310.61,19.038496,2006-04-01
CAT,72.949997,42.702446,2006-05-01
Z_index,1270.09,18.449884,2006-05-01
CAT,74.480003,43.598061,2006-06-01
Z_index,1270.2,18.451483,2006-06-01
CAT,70.870003,41.484886,2006-07-01
Z_index,1276.66,18.545324,2006-07-01
CAT,66.349998,38.839031,2006-08-01
Z_index,1303.8199,18.939861,2006-08-01
CAT,65.800003,38.517082,2006-09-01
Z_index,1335.85,19.405144,2006-09-01
CAT,60.709999,35.537567,2006-10-01
Z_index,1377.9399,20.01656,2006-10-01
CAT,62.029999,36.310249,2006-11-01
Z_index,1400.63,20.346167,2006-11-01
CAT,61.330002,35.900497,2006-12-01
Z_index,1418.3,20.602848,2006-12-01
CAT,64.07,37.504398,2007-01-01
Z_index,1438.24,20.892506,2007-01-01
CAT,64.43,37.71513,2007-02-01
Z_index,1406.8199,20.436085,2007-02-01
CAT,67.029999,39.23708,2007-03-01
Z_index,1420.86,20.640036,2007-03-01
CAT,72.620003,42.509277,2007-04-01
Z_index,1482.37,21.533558,2007-04-01
CAT,78.580002,45.998058,2007-05-01
Z_index,1530.62,22.234457,2007-05-01
CAT,78.300003,45.834156,2007-06-01
Z_index,1503.35,21.838322,2007-06-01
CAT,78.800003,46.126839,2007-07-01
Z_index,1455.27,21.139891,2007-07-01
CAT,75.769997,44.353176,2007-08-01
Z_index,1473.99,21.411825,2007-08-01
CAT,78.43,45.910252,2007-09-01
Z_index,1526.75,22.17824,2007-09-01
CAT,74.610001,43.674156,2007-10-01
Z_index,1549.38,22.506973,2007-10-01
CAT,71.900002,42.087814,2007-11-01
Z_index,1481.14,21.51569,2007-11-01
CAT,72.559998,42.474152,2007-12-01
Z_index,1468.36,21.330042,2007-12-01
CAT,70.989998,41.55513,2008-01-01
Z_index,1378.55,20.025423,2008-01-01
CAT,72.330002,42.33952,2008-02-01
Z_index,1330.63,19.329315,2008-02-01
CAT,78.290001,45.8283,2008-03-01
Z_index,1322.7,19.214121,2008-03-01
CAT,81.879997,47.929764,2008-04-01
Z_index,1385.59,20.127687,2008-04-01
CAT,82.639999,48.374641,2008-05-01
Z_index,1400.38,20.342535,2008-05-01
CAT,73.82,43.211716,2008-06-01
Z_index,1280,18.593842,2008-06-01
CAT,69.519997,40.694641,2008-07-01
Z_index,1267.38,18.410519,2008-07-01
CAT,70.730003,41.402935,2008-08-01
Z_index,1282.83,18.634951,2008-08-01
CAT,59.599998,34.88781,2008-09-01
Z_index,1166.36,16.943056,2008-09-01
CAT,38.200001,22.360981,2008-10-01
Z_index,968.75,14.072488,2008-10-01
CAT,40.990002,23.994152,2008-11-01
Z_index,896.23999,13.019176,2008-11-01
CAT,44.669998,26.148296,2008-12-01
Z_index,903.25,13.121006,2008-12-01
CAT,30.85,18.05854,2009-01-01
Z_index,825.88,11.997095,2009-01-01
CAT,24.610001,14.405857,2009-02-01
Z_index,735.09003,10.678241,2009-02-01
CAT,27.959999,16.366831,2009-03-01
Z_index,797.87,11.59021,2009-03-01
CAT,35.580002,20.827322,2009-04-01
Z_index,872.81,12.678822,2009-04-01
CAT,35.459999,20.757076,2009-05-01
Z_index,919.14001,13.351831,2009-05-01
CAT,33.040001,19.340492,2009-06-01
Z_index,919.32001,13.354445,2009-06-01
CAT,44.060001,25.791225,2009-07-01
Z_index,987.47998,14.344567,2009-07-01
CAT,45.310001,26.522932,2009-08-01
Z_index,1020.62,14.825974,2009-08-01
CAT,51.330002,30.046837,2009-09-01
Z_index,1057.08,15.355607,2009-09-01
CAT,55.060001,32.230251,2009-10-01
Z_index,1036.1899,15.05215,2009-10-01
CAT,58.389999,34.17952,2009-11-01
Z_index,1095.63,15.915603,2009-11-01
CAT,56.990002,33.360008,2009-12-01
Z_index,1115.1,16.198431,2009-12-01
CAT,52.240002,30.579519,2010-01-01
Z_index,1073.87,15.599507,2010-01-01
CAT,57.049999,33.395126,2010-02-01
Z_index,1104.49,16.044306,2010-02-01
CAT,62.849998,36.790249,2010-03-01
Z_index,1169.4301,16.987654,2010-03-01
CAT,68.089996,39.857567,2010-04-01
Z_index,1186.6899,17.238379,2010-04-01
CAT,60.759998,35.566833,2010-05-01
Z_index,1089.41,15.825249,2010-05-01
CAT,60.07,35.162933,2010-06-01
Z_index,1030.71,14.972546,2010-06-01
CAT,69.75,40.829277,2010-07-01
Z_index,1101.6,16.002325,2010-07-01
CAT,65.160004,38.142448,2010-08-01
Z_index,1049.33,15.243028,2010-08-01
CAT,78.68,46.056595,2010-09-01
Z_index,1141.2,16.577572,2010-09-01
CAT,78.599998,46.009766,2010-10-01
Z_index,1183.26,17.188555,2010-10-01
CAT,84.599998,49.521961,2010-11-01
Z_index,1180.55,17.149189,2010-11-01
CAT,93.660004,54.825378,2010-12-01
Z_index,1257.64,18.269032,2010-12-01
CAT,97.010002,56.786354,2011-01-01
Z_index,1286.12,18.682743,2011-01-01
CAT,102.93,60.25172,2011-02-01
Z_index,1327.22,19.279779,2011-02-01
CAT,111.35,65.180496,2011-03-01
Z_index,1325.83,19.259588,2011-03-01
CAT,115.41,67.557091,2011-04-01
Z_index,1363.61,19.808397,2011-04-01
CAT,105.8,61.931721,2011-05-01
Z_index,1345.2,19.540964,2011-05-01
CAT,106.46,62.318058,2011-06-01
Z_index,1320.64,19.184196,2011-06-01
CAT,98.790001,57.828304,2011-07-01
Z_index,1292.28,18.772226,2011-07-01
CAT,91,53.268303,2011-08-01
Z_index,1218.89,17.706131,2011-08-01
CAT,73.839996,43.223419,2011-09-01
Z_index,1131.42,16.435505,2011-09-01
CAT,94.459999,55.293667,2011-10-01
Z_index,1253.3,18.205986,2011-10-01
CAT,97.879997,57.29562,2011-11-01
Z_index,1246.96,18.113888,2011-11-01
CAT,90.599998,53.034157,2011-12-01
Z_index,1257.6,18.26845,2011-12-01
CAT,109.12,63.875137,2012-01-01
Z_index,1312.41,19.064644,2012-01-01
CAT,114.21,66.854645,2012-02-01
Z_index,1365.6801,19.838469,2012-02-01
CAT,106.52,62.35318,2012-03-01
Z_index,1408.47,20.460052,2012-03-01
CAT,102.77,60.158058,2012-04-01
Z_index,1397.91,20.306654,2012-04-01
CAT,87.620003,51.289768,2012-05-01
Z_index,1310.33,19.034428,2012-05-01
CAT,84.910004,49.703426,2012-06-01
Z_index,1362.16,19.787334,2012-06-01
CAT,84.209999,49.293667,2012-07-01
Z_index,1379.3199,20.036608,2012-07-01
CAT,85.330002,49.94928,2012-08-01
Z_index,1406.58,20.432598,2012-08-01
CAT,86.040001,50.364887,2012-09-01
Z_index,1440.67,20.927805,2012-09-01
CAT,84.809998,49.644886,2012-10-01
Z_index,1412.16,20.513657,2012-10-01
CAT,85.239998,49.896595,2012-11-01
Z_index,1416.1801,20.572054,2012-11-01
CAT,89.610001,52.454643,2012-12-01
Z_index,1426.1899,20.717461,2012-12-01
CAT,98.389999,57.594158,2013-01-01
Z_index,1498.11,21.762203,2013-01-01
CAT,92.370003,54.070255,2013-02-01
Z_index,1514.6801,22.002907,2013-02-01
CAT,86.970001,50.909279,2013-03-01
Z_index,1569.1899,22.794743,2013-03-01
CAT,84.669998,49.562935,2013-04-01
Z_index,1597.5699,23.207003,2013-04-01
CAT,85.800003,50.2244,2013-05-01
Z_index,1630.74,23.688845,2013-05-01
CAT,82.489998,48.286839,2013-06-01
Z_index,1606.28,23.333529,2013-06-01
CAT,82.910004,48.532696,2013-07-01
Z_index,1685.73,24.487654,2013-07-01
CAT,82.540001,48.316109,2013-08-01
Z_index,1632.97,23.721239,2013-08-01
CAT,83.400002,48.819523,2013-09-01
Z_index,1681.55,24.426933,2013-09-01
CAT,83.360001,48.796108,2013-10-01
Z_index,1756.54,25.516272,2013-10-01
CAT,84.599998,49.521961,2013-11-01
Z_index,1805.8101,26.231989,2013-11-01
CAT,90.809998,53.157082,2013-12-01
Z_index,1848.36,26.850088,2013-12-01
CAT,93.910004,54.971718,2014-01-01
Z_index,1782.59,25.894684,2014-01-01
CAT,96.970001,56.762939,2014-02-01
Z_index,1859.45,27.011187,2014-02-01
CAT,99.370003,58.167816,2014-03-01
Z_index,1872.34,27.198433,2014-03-01
CAT,105.4,61.697575,2014-04-01
Z_index,1883.95,27.367085,2014-04-01
CAT,102.23,59.841965,2014-05-01
Z_index,1923.5699,27.942621,2014-05-01
CAT,108.67,63.611717,2014-06-01
Z_index,1960.23,28.475161,2014-06-01
CAT,100.75,58.97562,2014-07-01
Z_index,1930.67,28.045761,2014-07-01
CAT,109.07,63.845867,2014-08-01
Z_index,2003.37,29.101831,2014-08-01
CAT,99.029999,57.968792,2014-09-01
Z_index,1972.29,28.650351,2014-09-01
CAT,101.41,59.361965,2014-10-01
Z_index,2018.05,29.315081,2014-10-01
CAT,100.6,58.887814,2014-11-01
Z_index,2067.5601,30.034285,2014-11-01
CAT,91.529999,53.578545,2014-12-01
Z_index,2058.8999,29.908484,2014-12-01
CAT,79.970001,46.811718,2015-01-01
Z_index,1994.99,28.980101,2015-01-01
CAT,82.900002,48.52684,2015-02-01
Z_index,2104.5,30.57089,2015-02-01
CAT,80.029999,46.846836,2015-03-01
Z_index,2067.8899,30.039076,2015-03-01
CAT,86.879997,50.856594,2015-04-01
Z_index,2085.51,30.295034,2015-04-01
CAT,85.32,49.943424,2015-05-01
Z_index,2107.3899,30.612871,2015-05-01
CAT,84.82,49.650742,2015-06-01
Z_index,2063.1101,29.969643,2015-06-01
CAT,78.629997,46.027325,2015-07-01
Z_index,2103.8401,30.561304,2015-07-01
CAT,75.660004,44.288792,2015-08-01
Z_index,1972.1801,28.648752,2015-08-01
CAT,65.360001,38.259521,2015-09-01
Z_index,1920.03,27.891199,2015-09-01
CAT,72.989998,42.725861,2015-10-01
Z_index,2079.3601,30.205698,2015-10-01
CAT,72.650002,42.526836,2015-11-01
Z_index,2080.4099,30.220947,2015-11-01
CAT,67.959999,39.781471,2015-12-01
Z_index,2043.9399,29.691168,2015-12-01
CAT,62.240002,36.433178,2016-01-01
Z_index,1940.24,28.184778,2016-01-01
CAT,67.699997,39.629272,2016-02-01
Z_index,1932.23,28.06842,2016-02-01
CAT,76.540001,44.803913,2016-03-01
Z_index,2059.74,29.920687,2016-03-01
CAT,77.720001,45.494644,2016-04-01
Z_index,2065.3,30.001455,2016-04-01
CAT,72.510002,42.444889,2016-05-01
Z_index,2096.95,30.461216,2016-05-01
CAT,75.809998,44.376591,2016-06-01
Z_index,2098.8601,30.488962,2016-06-01
CAT,82.760002,48.444889,2016-07-01
Z_index,2173.6001,31.574669,2016-07-01
CAT,81.949997,47.970737,2016-08-01
Z_index,2170.95,31.536171,2016-08-01
CAT,88.769997,51.962936,2016-09-01
Z_index,2168.27,31.497242,2016-09-01
CAT,83.459999,48.854641,2016-10-01
Z_index,2126.1499,30.885387,2016-10-01
CAT,95.559998,55.937569,2016-11-01
Z_index,2198.8101,31.94088,2016-11-01
CAT,92.739998,54.286839,2016-12-01
Z_index,2238.8301,32.522228,2016-12-01
CAT,95.660004,55.996109,2017-01-01
Z_index,2278.8701,33.103867,2017-01-01
CAT,96.660004,56.581474,2017-02-01
Z_index,2363.6399,34.33527,2017-02-01
CAT,92.760002,54.29855,2017-03-01
Z_index,2362.72,34.321907,2017-03-01
CAT,102.26,59.859524,2017-04-01
Z_index,2384.2,34.633934,2017-04-01
CAT,105.43,61.715134,2017-05-01
Z_index,2411.8,35.034866,2017-05-01
CAT,107.46,62.903427,2017-06-01
Z_index,2423.4099,35.203514,2017-06-01
CAT,113.95,66.702446,2017-07-01
Z_index,2470.3,35.884663,2017-07-01
CAT,117.49,68.774643,2017-08-01
Z_index,2471.6499,35.90427,2017-08-01
CAT,124.71,73.000992,2017-09-01
Z_index,2519.3601,36.597332,2017-09-01
CAT,135.8,79.492699,2017-10-01
Z_index,2575.26,37.409359,2017-10-01
CAT,141.14999,82.624405,2017-11-01
Z_index,2584.8401,37.548523,2017-11-01
CAT,157.58,92.241966,2017-12-01
Z_index,2673.6101,38.838036,2017-12-01
CAT,162.78,95.285873,2018-01-01
Z_index,2823.8101,41.019905,2018-01-01
CAT,154.63,90.515144,2018-02-01
Z_index,2713.8301,39.422287,2018-02-01
CAT,147.38,86.27124,2018-03-01
Z_index,2640.8701,38.362438,2018-03-01
CAT,144.36,84.503433,2018-04-01
Z_index,2648.05,38.466736,2018-04-01
CAT,151.91,88.922943,2018-05-01
Z_index,2705.27,39.297939,2018-05-01
CAT,135.67,79.416595,2018-06-01
Z_index,2718.3701,39.488239,2018-06-01
CAT,143.8,84.175629,2018-07-01
Z_index,2816.29,40.910664,2018-07-01
CAT,135.02,79.036118,2018-08-01
Z_index,2839.96,41.254505,2018-08-01
